{
  "metro_id": 948,
  "test_rmse": 10.456964569359526,
  "test_r_squared": -0.1601921273723126,
  "train_rmse": 10.066582640163688,
  "train_r_squared": 0.08588364629180711,
  "residual_standard_error_default": 10.456964569359526,
  "standard_error_method": "Residual SD on held-out test split by day_of_week/hour_of_day; fallback to test RMSE.",
  "standard_error_by_hour_day": [
    {
      "day_of_week": 4,
      "hour_of_day": 12,
      "standard_error": 4.645786621588784,
      "n": 4
    },
    {
      "day_of_week": 5,
      "hour_of_day": 14,
      "standard_error": 10.538817137927134,
      "n": 10
    }
  ]
}